<?xml version="1.0" encoding="utf-8"?>

<odoo>
    <data noupdate="1">

        <!--        Mail send when commisson credit into Employee Account-->

        <record id="mail_template_commission_credit_sent" model="mail.template">
            <field name="name">Commission Sent you Wallet</field>
            <field name="model_id" ref="wbl_pos_employee_commission.model_employees_commission"/>
            <field name="subject">Commission Sent to Employee Wallet</field>
            <field name="email_from"/> <!--   from backend-->
            <field name="email_to"/>
            <field name="description">Notification Of Commission SEt to Employee</field>
            <field name="body_html" type="html">
                <div>
                    <div>
                        <h2>Employee Commission</h2>
                    </div>
                    <div>
                        <p>Hey,</p>
                        <p></p>
                        <p>We will inform you once your Request is Approved.</p>
                        <p>Best Regards</p>
                    </div>
                </div>
            </field>
        </record>

        <!--        Mail Send when Employee Commission Req. Approved-->

        <record id="mail_template_commission_approved_by_admin" model="mail.template">
            <field name="name">Commission Sent you Wallet</field>
            <field name="model_id" ref="wbl_pos_employee_commission.model_commission_payout"/>
            <field name="subject">Commission Request Approved By User</field>
            <field name="email_from"/>
            <field name="email_to"/>
            <field name="description">Notification Of Commission Req. Approved</field>
            <field name="body_html" type="html">
                <div>
                    <div>
                        <h2>Employee Commission Req. Approved</h2>
                    </div>
                    <div>
                        <p>Employee Commission REquest Approved</p>
                        <p>We will inform you once your Request is Approved.</p>
                        <p>Best Regards</p>
                    </div>
                </div>
            </field>
        </record>

        <!--        Mail send When Employee Commission Req. Deny-->

        <record id="mail_template_commission_deny_by_admin" model="mail.template">
            <field name="name">Commission Sent you Wallet</field>
            <field name="model_id" ref="wbl_pos_employee_commission.model_commission_payout"/>
            <field name="subject">Commission Request Deny By User</field>
            <field name="email_from"/>
            <field name="email_to"/>
            <field name="description">Notification Of Commission Req. Deny</field>
            <field name="body_html" type="html">
                <div>
                    <div>
                        <h2>Employee Commission Req. Deny</h2>
                    </div>
                    <div>
                        <p>Employee Commission REquest Deny</p>
                        <p>We will inform you once your Request is Approved.</p>
                        <p>Best Regards</p>
                    </div>
                </div>
            </field>
        </record>

        <!--        Email Send to Admin, when Employee Request to Payout-->

        <record id="mail_template_commission_payout_request_by_user" model="mail.template">
            <field name="name">Commission Payout Request Send to Admin</field>
            <field name="model_id" ref="wbl_pos_employee_commission.model_commission_payout"/>
            <field name="subject">Commission Payout Request Send to Admin</field>
            <field name="email_from"/>
            <field name="email_to"/>
            <field name="description">Notification Of Commission Payout Request Send to Admin</field>
            <field name="body_html" type="html">
                <div>
                    <div>
                        <h2>Commission Payout Request Send to Admin</h2>
                    </div>
                    <div>
                        <p>Commission Payout Request Send to Admin</p>
                        <p>We will inform you once your Request is Approved.</p>
                        <p>Best Regards</p>
                    </div>
                </div>
            </field>
        </record>

<!--        Email Send to Employee, When Employee Request for Payout-->

        <record id="mail_template_commission_payout_request_by_user_send_to_user" model="mail.template">
            <field name="name">Commission Payout Request Send to Employee</field>
            <field name="model_id" ref="wbl_pos_employee_commission.model_commission_payout"/>
            <field name="subject">Commission Payout Request Send to Employee</field>
            <field name="email_from"/>
            <field name="email_to"/>
            <field name="description">Notification Of Commission Payout Request Send to Employee</field>
            <field name="body_html" type="html">
                <div>
                    <div>
                        <h2>Commission Payout Request Send to Employee</h2>
                    </div>
                    <div>
                        <p>Commission Payout Request Send to Employee</p>
                    </div>
                </div>
            </field>
        </record>

    </data>
</odoo>





