<?xml version="1.0" encoding="utf-8"?>

<odoo>
    <data noupdate="1">

        <!--        Mail send when commisson credit into Employee Account-->

        <record id="mail_template_commission_credit_sent" model="mail.template">
            <field name="name">Commission Credited</field>
            <field name="model_id" ref="wbl_pos_employee_commission.model_employees_commission"/>
            <field name="subject">Commission Credited</field>
            <field name="email_from"/> <!--   from backend-->
            <field name="email_to"/>
            <field name="description">Notification of Commission Credited</field>
            <field name="body_html" type="html">
                <table border="0" cellpadding="0" cellspacing="0"
                       style="padding-top: 16px; background-color: #FFFFFF; font-family:Verdana, Arial,sans-serif; color: #454748; width: 100%; border-collapse:separate;">
                    <tr>
                        <td align="center">
                            <table border="0" cellpadding="0" cellspacing="0" width="590"
                                   style="padding: 16px; background-color: #FFFFFF; color: #454748; border-collapse:separate;">
                                <tbody>
                                    <!-- HEADER -->
                                    <tr>
                                        <td align="center" style="min-width: 590px;">
                                            <table border="0" cellpadding="0" cellspacing="0" width="590"
                                                   style="min-width: 590px; background-color: white; padding: 0px 8px 0px 0px; border-collapse:separate;">
                                                <tr>
                                                    <td valign="middle">
                                                        <span style="font-size: 20px; font-weight: bold;">
                                                            Dear
                                                            <t t-out="(object.employee_name.name + ',') or ''">Marc
                                                                Demo,
                                                            </t>
                                                        </span>
                                                    </td>
                                                </tr>
                                            </table>
                                        </td>
                                    </tr>
                                    <!-- CONTENT -->
                                    <tr>
                                        <td valign="top" style="font-size: 13px;">
                                            <div>
                                                <br/>
                                                Greeting! A new commission of
                                                <strong>
                                                    <t t-esc="object.currency_id.symbol"/>
                                                    <t t-esc="object.commission_amount"/>
                                                </strong>
                                                has been credited to your account for your recent sales.
                                                <br/>
                                                <br/>
                                                Credit Amount:
                                                <strong>
                                                    <t t-esc="object.currency_id.symbol"/>
                                                    <t t-esc="object.commission_amount"/>
                                                </strong>
                                                <br/>
                                                Order Ref:
                                                <strong>
                                                    <t t-esc="object.pos_order_name or ''"/>
                                                </strong>
                                                <br/>
                                                Total Amount:
                                                <strong>
                                                    <t t-esc="object.env['employees.commission'].get_user_available_commission()"/>
                                                </strong>
                                                <br/>
                                                <br/>
                                                Keep up the great work!
                                                <br/>
                                                Regards
                                                <br/>
                                            </div>
                                        </td>
                                    </tr>

                                    <!-- FOOTER -->
                                    <tr>
                                        <td align="center" style="min-width: 590px;">
                                            <table border="0" cellpadding="0" cellspacing="0" width="590"
                                                   style="min-width: 590px; background-color: white; font-size: 11px; padding: 0px 8px 0px 0px; border-collapse:separate;">
                                                <tr>
                                                    <td valign="middle" align="left">
                                                        <t t-out="object.employee_name.company_id.name or ''">
                                                            YourCompany
                                                        </t>
                                                    </td>
                                                </tr>
                                                <tr>
                                                    <td valign="middle" align="left" style="opacity: 0.7;">
                                                        <t t-out="object.employee_name.company_id.phone or ''">+1
                                                            650-123-4567
                                                        </t>
                                                        <t t-if="object.employee_name.company_id.email">
                                                            |
                                                            <a t-attf-href="'mailto:%s' % {{ object.employee_name.company_id.email }}"
                                                               style="text-decoration:none; color: #454748;">
                                                                <t t-out="object.employee_name.company_id.email or ''">
                                                                    info@yourcompany.com
                                                                </t>
                                                            </a>
                                                        </t>
                                                        <t t-if="object.employee_name.company_id.website">
                                                            |
                                                            <a t-attf-href="'%s' % {{ object.employee_name.company_id.website }}"
                                                               style="text-decoration:none; color: #454748;">
                                                                <t t-out="object.employee_name.company_id.website or ''">
                                                                    http://www.example.com
                                                                </t>
                                                            </a>
                                                        </t>
                                                    </td>
                                                </tr>
                                            </table>
                                        </td>
                                    </tr>
                                </tbody>
                            </table>
                        </td>
                    </tr>
                    <!-- POWERED BY -->
                    <tr>
                        <td align="center" style="min-width: 590px;">
                            <table border="0" cellpadding="0" cellspacing="0" width="590"
                                   style="min-width: 590px; background-color: #F1F1F1; color: #454748; padding: 8px; border-collapse:separate;">
                                <tr>
                                    <td style="text-align: center; font-size: 13px;">
                                        Powered by
                                        <a target="_blank" href="https://www.odoo.com?utm_source=db&amp;utm_medium=auth"
                                           style="color: #875A7B;">Odoo
                                        </a>
                                    </td>
                                </tr>
                            </table>
                        </td>
                    </tr>
                </table>
            </field>
        </record>


        <!--        Mail Send when Employee Payout Req. Approved-->

        <record id="mail_template_commission_approved_by_admin" model="mail.template">
            <field name="name">Payout Approval</field>
            <field name="model_id" ref="wbl_pos_employee_commission.model_commission_payout"/>
            <field name="subject">Payout Approval</field>
            <field name="email_from"/>
            <field name="email_to"/>
            <field name="description">Notification Of Payout Approval</field>
            <field name="body_html" type="html">
                <table border="0" cellpadding="0" cellspacing="0"
                       style="padding-top: 16px; background-color: #FFFFFF; font-family:Verdana, Arial,sans-serif; color: #454748; width: 100%; border-collapse:separate;">
                    <tr>
                        <td align="center">
                            <table border="0" cellpadding="0" cellspacing="0" width="590"
                                   style="padding: 16px; background-color: #FFFFFF; color: #454748; border-collapse:separate;">
                                <tbody>
                                    <!-- HEADER -->
                                    <tr>
                                        <td align="center" style="min-width: 590px;">
                                            <table border="0" cellpadding="0" cellspacing="0" width="590"
                                                   style="min-width: 590px; background-color: white; padding: 0px 8px 0px 8px; border-collapse:separate;">
                                                <tr>
                                                    <td valign="middle">
                                                        <span style="font-size: 20px; font-weight: bold;">
                                                            Dear
                                                            <t t-out="(object.payout_employee_name.name + ',') or ''">
                                                                Marc
                                                                Demo,
                                                            </t>
                                                        </span>
                                                    </td>
                                                </tr>
                                            </table>
                                        </td>
                                    </tr>
                                    <!-- CONTENT -->
                                    <tr>
                                        <td align="center" style="min-width: 590px;">
                                            <table border="0" cellpadding="0" cellspacing="0" width="590"
                                                   style="min-width: 590px; background-color: white; padding: 0px 8px 0px 8px; border-collapse:separate;">
                                                <tr>
                                                    <td valign="top" style="font-size: 13px;">
                                                        <div>
                                                            <br/>
                                                            Your payout request has been approved, and
                                                            <strong>
                                                                <t t-esc="object.currency_id.symbol"/>
                                                                <t t-esc="object.req_amount"/>
                                                            </strong>
                                                            has been processed to your account.
                                                            <br/>
                                                            <br/>
                                                            Approved On:
                                                            <strong>
                                                                <t t-esc="object.payout_date"/>
                                                            </strong>
                                                            <br/>
                                                            <br/>
                                                            Thank you for your great work. Keep it up!
                                                            <br/>
                                                            <br/>
                                                            Regards,
                                                            <br/>
                                                            Finance Team
                                                            <br/>
                                                        </div>
                                                    </td>
                                                </tr>
                                                <tr>
                                                    <td style="text-align:center;">
                                                        <hr width="100%"
                                                            style="background-color:rgb(204,204,204);border:medium none;clear:both;display:block;font-size:0px;min-height:1px;line-height:0; margin: 0px 0px 16px 0px;"/>
                                                    </td>
                                                </tr>
                                            </table>
                                        </td>
                                    </tr>
                                    <!-- FOOTER -->
                                    <tr>
                                        <td align="center" style="min-width: 590px;">
                                            <table border="0" cellpadding="0" cellspacing="0" width="590"
                                                   style="min-width: 590px; background-color: white; font-size: 11px; padding: 0px 8px 0px 8px; border-collapse:separate;">
                                                <tr>
                                                    <td valign="middle" align="left">
                                                        <t t-out="object.payout_employee_name.company_id.name or ''">
                                                            YourCompany
                                                        </t>
                                                    </td>
                                                </tr>
                                                <tr>
                                                    <td valign="middle" align="left" style="opacity: 0.7;">
                                                        <t t-out="object.payout_employee_name.company_id.phone or ''">+1
                                                            650-123-4567
                                                        </t>
                                                        <t t-if="object.payout_employee_name.company_id.email">
                                                            |
                                                            <a t-attf-href="'mailto:%s' % {{ object.payout_employee_name.company_id.email }}"
                                                               style="text-decoration:none; color: #454748;">
                                                                <t t-out="object.payout_employee_name.company_id.email or ''">
                                                                    info@yourcompany.com
                                                                </t>
                                                            </a>
                                                        </t>
                                                        <t t-if="object.payout_employee_name.company_id.website">
                                                            |
                                                            <a t-attf-href="'%s' % {{ object.payout_employee_name.company_id.website }}"
                                                               style="text-decoration:none; color: #454748;">
                                                                <t t-out="object.payout_employee_name.company_id.website or ''">
                                                                    http://www.example.com
                                                                </t>
                                                            </a>
                                                        </t>
                                                    </td>
                                                </tr>
                                            </table>
                                        </td>
                                    </tr>
                                </tbody>
                            </table>
                        </td>
                    </tr>
                    <!-- POWERED BY -->
                    <tr>
                        <td align="center" style="min-width: 590px;">
                            <table border="0" cellpadding="0" cellspacing="0" width="590"
                                   style="min-width: 590px; background-color: #F1F1F1; color: #454748; padding: 8px; border-collapse:separate;">
                                <tr>
                                    <td style="text-align: center; font-size: 13px;">
                                        Powered by
                                        <a target="_blank" href="https://www.odoo.com?utm_source=db&amp;utm_medium=auth"
                                           style="color: #875A7B;">Odoo
                                        </a>
                                    </td>
                                </tr>
                            </table>
                        </td>
                    </tr>
                </table>
            </field>
        </record>

        <!--        Mail send When Employee Payout Req. Deny (Admin to Employee) -->

        <record id="mail_template_commission_deny_by_admin" model="mail.template">
            <field name="name">Payout Denied</field>
            <field name="model_id" ref="wbl_pos_employee_commission.model_commission_payout"/>
            <field name="subject">Payout Denied</field>
            <field name="email_from"/>
            <field name="email_to"/>
            <field name="description">Notification Of Payout Denied</field>
            <field name="body_html" type="html">
                <table border="0" cellpadding="0" cellspacing="0"
                       style="padding-top: 16px; background-color: #FFFFFF; font-family:Verdana, Arial,sans-serif; color: #454748; width: 100%; border-collapse:separate;">
                    <tr>
                        <td align="center">
                            <table border="0" cellpadding="0" cellspacing="0" width="590"
                                   style="padding: 16px; background-color: #FFFFFF; color: #454748; border-collapse:separate;">
                                <tbody>
                                    <!-- HEADER -->
                                    <tr>
                                        <td align="center" style="min-width: 590px;">
                                            <table border="0" cellpadding="0" cellspacing="0" width="590"
                                                   style="min-width: 590px; background-color: white; padding: 0px 8px 0px 8px; border-collapse:separate;">
                                                <tr>
                                                    <td valign="middle">
                                                        <span style="font-size: 20px; font-weight: bold;">
                                                            Dear
                                                            <t t-out="(object.payout_employee_name.name + ',') or ''">
                                                                Marc
                                                                Demo,
                                                            </t>
                                                        </span>
                                                    </td>
                                                </tr>
                                            </table>
                                        </td>
                                    </tr>
                                    <!-- CONTENT -->
                                    <tr>
                                        <td align="center" style="min-width: 590px;">
                                            <table border="0" cellpadding="0" cellspacing="0" width="590"
                                                   style="min-width: 590px; background-color: white; padding: 0px 8px 0px 8px; border-collapse:separate;">
                                                <tr>
                                                    <td valign="top" style="font-size: 13px;">
                                                        <div>
                                                            <br/>
                                                            Unfortunately, your recent payout request of
                                                            <strong>
                                                                <t t-esc="object.currency_id.symbol"/>
                                                                <t t-esc="object.req_amount"/>
                                                            </strong>
                                                            has been denied.
                                                            <br/>
                                                            <br/>
                                                            Reason:
                                                            <strong>Insufficient wallet balance.</strong>
                                                            <br/>
                                                            <br/>
                                                            If you believe this was a mistake, please contact your
                                                            manager or resubmit the request.
                                                            <br/>
                                                            <br/>
                                                            Contact Admin
                                                        </div>
                                                    </td>
                                                </tr>
                                                <tr>
                                                    <td style="text-align:center;">
                                                        <hr width="100%"
                                                            style="background-color:rgb(204,204,204);border:medium none;clear:both;display:block;font-size:0px;min-height:1px;line-height:0; margin: 0px 0px 16px 0px;"/>
                                                    </td>
                                                </tr>
                                            </table>
                                        </td>
                                    </tr>
                                    <!-- FOOTER -->
                                    <tr>
                                        <td align="center" style="min-width: 590px;">
                                            <table border="0" cellpadding="0" cellspacing="0" width="590"
                                                   style="min-width: 590px; background-color: white; font-size: 11px; padding: 0px 8px 0px 8px; border-collapse:separate;">
                                                <tr>
                                                    <td valign="middle" align="left">
                                                        <t t-out="object.payout_employee_name.company_id.name or ''">
                                                            YourCompany
                                                        </t>
                                                    </td>
                                                </tr>
                                                <tr>
                                                    <td valign="middle" align="left" style="opacity: 0.7;">
                                                        <t t-out="object.payout_employee_name.company_id.phone or ''">+1
                                                            650-123-4567
                                                        </t>
                                                        <t t-if="object.payout_employee_name.company_id.email">
                                                            |
                                                            <a t-attf-href="'mailto:%s' % {{ object.payout_employee_name.company_id.email }}"
                                                               style="text-decoration:none; color: #454748;">
                                                                <t t-out="object.payout_employee_name.company_id.email or ''">
                                                                    info@yourcompany.com
                                                                </t>
                                                            </a>
                                                        </t>
                                                        <t t-if="object.payout_employee_name.company_id.website">
                                                            |
                                                            <a t-attf-href="'%s' % {{ object.payout_employee_name.company_id.website }}"
                                                               style="text-decoration:none; color: #454748;">
                                                                <t t-out="object.payout_employee_name.company_id.website or ''">
                                                                    http://www.example.com
                                                                </t>
                                                            </a>
                                                        </t>
                                                    </td>
                                                </tr>
                                            </table>
                                        </td>
                                    </tr>
                                </tbody>
                            </table>
                        </td>
                    </tr>
                    <!-- POWERED BY -->
                    <tr>
                        <td align="center" style="min-width: 590px;">
                            <table border="0" cellpadding="0" cellspacing="0" width="590"
                                   style="min-width: 590px; background-color: #F1F1F1; color: #454748; padding: 8px; border-collapse:separate;">
                                <tr>
                                    <td style="text-align: center; font-size: 13px;">
                                        Powered by
                                        <a target="_blank" href="https://www.odoo.com?utm_source=db&amp;utm_medium=auth"
                                           style="color: #875A7B;">Odoo
                                        </a>
                                    </td>
                                </tr>
                            </table>
                        </td>
                    </tr>
                </table>
            </field>
        </record>

        <!--     Email Send to User(Admin to User), when Employee Request to Payout-->

        <record id="mail_template_commission_payout_request_admin_to_user" model="mail.template">
            <field name="name">Payout Request</field>
            <field name="model_id" ref="wbl_pos_employee_commission.model_commission_payout"/>
            <field name="subject">Payout Request</field>
            <field name="email_from"/>
            <field name="email_to"/>
            <field name="description">Notification Of Payout Request</field>
            <field name="body_html" type="html">
                <table border="0" cellpadding="0" cellspacing="0"
                       style="padding-top: 16px; background-color: #FFFFFF; font-family:Verdana, Arial,sans-serif; color: #454748; width: 100%; border-collapse:separate;">
                    <tr>
                        <td align="center">
                            <table border="0" cellpadding="0" cellspacing="0" width="590"
                                   style="padding: 16px; background-color: #FFFFFF; color: #454748; border-collapse:separate;">
                                <tbody>
                                    <!-- HEADER -->
                                    <tr>
                                        <td align="center" style="min-width: 590px;">
                                            <table border="0" cellpadding="0" cellspacing="0" width="590"
                                                   style="min-width: 590px; background-color: white; padding: 0px 8px 0px 8px; border-collapse:separate;">
                                                <tr>
                                                    <td valign="middle">
                                                        <span style="font-size: 20px; font-weight: bold;">
                                                            Dear
                                                            <t t-out="(object.payout_employee_name.name + ',') or ''">
                                                                Marc
                                                                Demo,
                                                            </t>
                                                        </span>
                                                    </td>
                                                </tr>
                                            </table>
                                        </td>
                                    </tr>
                                    <!-- CONTENT -->
                                    <tr>
                                        <td align="center" style="min-width: 590px;">
                                            <table border="0" cellpadding="0" cellspacing="0" width="590"
                                                   style="min-width: 590px; background-color: white; padding: 0px 8px 0px 8px; border-collapse:separate;">
                                                <tr>
                                                    <td valign="top" style="font-size: 13px;">
                                                        <div style="font-size: 13px;">
                                                            Your payout request of
                                                            <strong>
                                                                <t t-esc="object.currency_id.symbol"/>
                                                                <t t-esc="object.req_amount"/>
                                                            </strong>
                                                            has been submitted successfully.
                                                            <br/>
                                                            <br/>

                                                            Requested Amount:
                                                            <strong>
                                                                <t t-esc="object.currency_id.symbol"/>
                                                                <t t-esc="object.req_amount"/>
                                                            </strong>
                                                            <br/>
                                                            Requested On:
                                                            <strong>
                                                                <t t-esc="object.payout_date.strftime('%d %b %Y, %I:%M %p')"/>
                                                            </strong>
                                                            <br/>
                                                            Reference No.:
                                                            <strong>
                                                                <t t-esc="object.name"/>
                                                            </strong>
                                                            <br/>
                                                            Total Amount:
                                                            <strong>
                                                                <t t-esc="object.currency_id.symbol"/>
                                                                <t t-esc="object.available_commission_balance"/>
                                                            </strong>
                                                            <br/>
                                                            <br/>
                                                            Our admin team will review your request shortly.
                                                            <br/>
                                                            You’ll receive another email once it’s approved or denied.
                                                        </div>
                                                    </td>
                                                </tr>
                                                <tr>
                                                    <td style="text-align:center;">
                                                        <hr width="100%"
                                                            style="background-color:rgb(204,204,204);border:medium none;clear:both;display:block;font-size:0px;min-height:1px;line-height:0; margin: 0px 0px 16px 0px;"/>
                                                    </td>
                                                </tr>
                                            </table>
                                        </td>
                                    </tr>
                                    <!-- FOOTER -->
                                    <tr>
                                        <td align="center" style="min-width: 590px;">
                                            <table border="0" cellpadding="0" cellspacing="0" width="590"
                                                   style="min-width: 590px; background-color: white; font-size: 11px; padding: 0px 8px 0px 8px; border-collapse:separate;">
                                                <tr>
                                                    <td valign="middle" align="left">
                                                        <t t-out="object.payout_employee_name.company_id.name or ''">
                                                            YourCompany
                                                        </t>
                                                    </td>
                                                </tr>
                                                <tr>
                                                    <td valign="middle" align="left" style="opacity: 0.7;">
                                                        <t t-out="object.payout_employee_name.company_id.phone or ''">+1
                                                            650-123-4567
                                                        </t>
                                                        <t t-if="object.payout_employee_name.company_id.email">
                                                            |
                                                            <a t-attf-href="'mailto:%s' % {{ object.payout_employee_name.company_id.email }}"
                                                               style="text-decoration:none; color: #454748;">
                                                                <t t-out="object.payout_employee_name.company_id.email or ''">
                                                                    info@yourcompany.com
                                                                </t>
                                                            </a>
                                                        </t>
                                                        <t t-if="object.payout_employee_name.company_id.website">
                                                            |
                                                            <a t-attf-href="'%s' % {{ object.payout_employee_name.company_id.website }}"
                                                               style="text-decoration:none; color: #454748;">
                                                                <t t-out="object.payout_employee_name.company_id.website or ''">
                                                                    http://www.example.com
                                                                </t>
                                                            </a>
                                                        </t>
                                                    </td>
                                                </tr>
                                            </table>
                                        </td>
                                    </tr>
                                </tbody>
                            </table>
                        </td>
                    </tr>
                    <!-- POWERED BY -->
                    <tr>
                        <td align="center" style="min-width: 590px;">
                            <table border="0" cellpadding="0" cellspacing="0" width="590"
                                   style="min-width: 590px; background-color: #F1F1F1; color: #454748; padding: 8px; border-collapse:separate;">
                                <tr>
                                    <td style="text-align: center; font-size: 13px;">
                                        Powered by
                                        <a target="_blank" href="https://www.odoo.com?utm_source=db&amp;utm_medium=auth"
                                           style="color: #875A7B;">Odoo
                                        </a>
                                    </td>
                                </tr>
                            </table>
                        </td>
                    </tr>
                </table>
            </field>
        </record>

        <!--        Email Send to Admin(Admin to Admin), When Employee Request for Payout-->

        <record id="mail_template_commission_payout_request_by_admin_send_to_admin" model="mail.template">
            <field name="name">Payout Request from Employee</field>
            <field name="model_id" ref="wbl_pos_employee_commission.model_commission_payout"/>
            <field name="subject">Payout Request Received from {{ object.payout_employee_name.name }}</field>
            <field name="email_from"/>
            <field name="email_to"/>
            <field name="description">Notification Of Payout Request Received</field>
            <field name="body_html" type="html">
                <table border="0" cellpadding="0" cellspacing="0"
                       style="padding-top: 16px; background-color: #FFFFFF; font-family:Verdana, Arial,sans-serif; color: #454748; width: 100%; border-collapse:separate;">
                    <tr>
                        <td align="center">
                            <table border="0" cellpadding="0" cellspacing="0" width="590"
                                   style="padding: 16px; background-color: #FFFFFF; color: #454748; border-collapse:separate;">
                                <tbody>
                                    <!-- HEADER -->
                                    <tr>
                                        <td align="center" style="min-width: 590px;">
                                            <table border="0" cellpadding="0" cellspacing="0" width="590"
                                                   style="min-width: 590px; background-color: white; padding: 0px 8px 0px 8px; border-collapse:separate;">
                                                <tr>
                                                    <td valign="middle">
                                                        <span style="font-size: 20px; font-weight: bold;">
                                                            Dear
                                                            <t t-out="(object.env.ref('base.user_admin').name + ',') or ''">
                                                                Admin,
                                                            </t>
                                                        </span>
                                                    </td>
                                                </tr>
                                            </table>
                                        </td>
                                    </tr>
                                    <!-- CONTENT -->
                                    <tr>
                                        <td align="center" style="min-width: 590px;">
                                            <table border="0" cellpadding="0" cellspacing="0" width="590"
                                                   style="min-width: 590px; background-color: white; padding: 0px 8px 0px 8px; border-collapse:separate;">
                                                <tr>
                                                    <td valign="top" style="font-size: 13px;">
                                                        <div style="font-size: 13px;">
                                                            <br/>
                                                            <strong>
                                                                <t t-esc="object.payout_employee_name.name"/>
                                                            </strong>
                                                            has requested a payout.
                                                        </div>
                                                        <br/>
                                                        Amount:
                                                        <strong><t t-esc="object.currency_id.symbol"/>
                                                        <t t-esc="object.req_amount"/></strong>
                                                        <br/>
                                                        Requested on:
                                                        <strong><t t-esc="object.payout_date.strftime('%d %b %Y, %I:%M %p')"/></strong>
                                                        <br/>
                                                        Commission Balance:
                                                        <strong><t t-esc="object.currency_id.symbol"/>
                                                        <t t-esc="object.env['employees.commission'].get_user_available_commission()"/></strong>
                                                        <br/>
                                                        <br/>
                                                        Please review and take necessary action.
                                                    </td>
                                                </tr>

                                                <tr>
                                                    <td style="text-align:center;">
                                                        <hr width="100%"
                                                            style="background-color:rgb(204,204,204);border:medium none;clear:both;display:block;font-size:0px;min-height:1px;line-height:0; margin: 0px 0px 16px 0px;"/>
                                                    </td>
                                                </tr>
                                            </table>
                                        </td>
                                    </tr>
                                    <!-- FOOTER -->
                                    <tr>
                                        <td align="center" style="min-width: 590px;">
                                            <table border="0" cellpadding="0" cellspacing="0" width="590"
                                                   style="min-width: 590px; background-color: white; font-size: 11px; padding: 0px 8px 0px 8px; border-collapse:separate;">
                                                <tr>
                                                    <td valign="middle" align="left">
                                                        <t t-out="object.payout_employee_name.company_id.name or ''">
                                                            YourCompany
                                                        </t>
                                                    </td>
                                                </tr>
                                                <tr>
                                                    <td valign="middle" align="left" style="opacity: 0.7;">
                                                        <t t-out="object.payout_employee_name.company_id.phone or ''">+1
                                                            650-123-4567
                                                        </t>
                                                        <t t-if="object.payout_employee_name.company_id.email">
                                                            |
                                                            <a t-attf-href="'mailto:%s' % {{ object.payout_employee_name.company_id.email }}"
                                                               style="text-decoration:none; color: #454748;">
                                                                <t t-out="object.payout_employee_name.company_id.email or ''">
                                                                    info@yourcompany.com
                                                                </t>
                                                            </a>
                                                        </t>
                                                        <t t-if="object.payout_employee_name.company_id.website">
                                                            |
                                                            <a t-attf-href="'%s' % {{ object.payout_employee_name.company_id.website }}"
                                                               style="text-decoration:none; color: #454748;">
                                                                <t t-out="object.payout_employee_name.company_id.website or ''">
                                                                    http://www.example.com
                                                                </t>
                                                            </a>
                                                        </t>
                                                    </td>
                                                </tr>
                                            </table>
                                        </td>
                                    </tr>
                                </tbody>
                            </table>
                        </td>
                    </tr>
                    <!-- POWERED BY -->
                    <tr>
                        <td align="center" style="min-width: 590px;">
                            <table border="0" cellpadding="0" cellspacing="0" width="590"
                                   style="min-width: 590px; background-color: #F1F1F1; color: #454748; padding: 8px; border-collapse:separate;">
                                <tr>
                                    <td style="text-align: center; font-size: 13px;">
                                        Powered by
                                        <a target="_blank" href="https://www.odoo.com?utm_source=db&amp;utm_medium=auth"
                                           style="color: #875A7B;">Odoo
                                        </a>
                                    </td>
                                </tr>
                            </table>
                        </td>
                    </tr>
                </table>
            </field>
        </record>
    </data>
</odoo>