<?xml version="1.0" encoding="utf-8"?>
<!-- # Author      : Weblytic Labs Pvt. Ltd. (<https://store.weblyticlabs.com/>) -->
<!-- # Copyright(c): 2023-Present Weblytic Labs Pvt. Ltd. -->
<odoo noupdate="1">
    <record id="payout_commission_product" model="product.product">
        <field name="name">Commission Payout</field>
        <field name="default_code">Commission_Payout</field>
        <field name="type">service</field>
        <field name="sale_ok" eval="False"/>
        <field name="available_in_pos">1</field>
        <field name="purchase_ok" eval="False"/>
        <field name="list_price">0.0</field>
        <field name="taxes_id" eval="[(6, 0, [])]"/>
        <field name="supplier_taxes_id" eval="[(6, 0, [])]"/>
    </record>
</odoo>
