id,name,model_id:id,group_id:id,perm_read,perm_write,perm_create,perm_unlink
access_pos_commission_rule_admin,pos.commission.rule admin,model_pos_commission_rule,base.group_system,1,1,1,1
access_employees_commission_admin,employees.commission admin,model_employees_commission,base.group_system,1,1,1,1
access_commission_payout_admin,commission.payout admin,model_commission_payout,base.group_system,1,1,1,1
access_pos_commission_rule_user,pos.commission.rule user,model_pos_commission_rule,base.group_user,1,0,0,0
access_employees_commission_user,employees.commission user,model_employees_commission,base.group_user,1,1,1,0
access_commission_payout_user,commission.payout user,model_commission_payout,base.group_user,1,0,1,0
