id,name,model_id:id,group_id:id,perm_read,perm_write,perm_create,perm_unlink
access_pos_commission_rule_public,pos.commission.rule public,model_pos_commission_rule,base.group_public,1,1,1,1
access_pos_commission_rule_portal,pos.commission.rule public,model_pos_commission_rule,base.group_portal,1,1,1,1
access_pos_commission_rule_employee,pos.commission.rule public,model_pos_commission_rule,base.group_user,1,1,1,1
access_employees_commission_public,employees.commission public,model_employees_commission,base.group_public,1,1,1,1
access_employees_commission_portal,employees.commission public,model_employees_commission,base.group_portal,1,1,1,1
access_employees_commission_employee,employees.commission public,model_employees_commission,base.group_user,1,1,1,1
access_commission_payout_public,commission.payout public,model_commission_payout,base.group_public,1,1,1,1
access_commission_payout_portal,commission.payout public,model_commission_payout,base.group_portal,1,1,1,1
access_commission_payout_employee,commission.payout public,model_commission_payout,base.group_user,1,1,1,1