<?xml version="1.0" encoding="utf-8" ?>
<!-- # Author      : Weblytic Labs Pvt. Ltd. (<https://store.weblyticlabs.com/>) -->
<!-- # Copyright(c): 2023-Present Weblytic Labs Pvt. Ltd. -->
<templates id="wbl_employee_commission.NavbarCountown">
                <!--Commission Amount Showing-->
    <t t-name='NavbarCountown' t-inherit="point_of_sale.Navbar" t-inherit-mode="extension">
        <xpath expr="//div[@class='status-buttons d-flex flex-grow-1 align-items-center justify-content-end gap-1']/Input"
               position="after">
            <div class="card shadow-sm mb-3 mt-3" style=" background-color: #f0f8ff;">
                <div class="card-body">
                    <p class="h4 mb-0 text-success font-weight-bold" id="unique">Com:
                        <t t-esc="pos.commissionState.totalCommission"/>
                    </p>
                </div>
            </div>
        </xpath>
                <!--This is ManuBar on Pos Screen(Left Side)-->
        <xpath expr="//div[@class='p-2 pos-burger-menu-items']/DropdownItem" position="after">
            <DropdownItem onSelected="() => this.goToCommissionRecord()">
                Commission
            </DropdownItem>
        </xpath>
    </t>
</templates>