<?xml version="1.0" encoding="UTF-8"?>

<templates id="wbl_pos_employee_commission.CommissionRecord" xml:space="preserve">
    <t t-name="wbl_pos_employee_commission.CommissionRecord">


        <div class="orders overflow-y-auto flex-grow-1">
            <!-- Header Row strt here -->
            <div class="header-row d-flex text-bg-700 fw-bolder">
                <div class="col wide p-2">Commission Ref</div>
                <div class="col wide p-2">Date</div>
                <div class="col wide p-2">Employee</div>
                <div class="col p-2">Order Ref</div>
                <div class="col wide p-2">Session</div>
                <div class="col p-2">Commission Amount</div>
                <div class="col p-2">Com. Type</div>
            </div>

            <!--             This is Daynamin data-->

            <t t-foreach="state.commissions" t-as="commission" t-key="commission.id">
<!--                <div class="d-flex border-bottom border-muted">-->
                <div t-attf-class="d-flex border-bottom border-muted">
                    <div class="col wide p-2"><t t-esc="commission.name" /></div>
                    <div class="col wide p-2"><t t-esc="commission.date" /></div>
                    <div class="col wide p-2"><t t-esc="commission.employee_name?.name" /></div>
                    <div class="col p-2"><t t-esc="commission.pos_order_name" /></div>
                    <div class="col wide p-2"><t t-esc="commission.pos_session_name" /></div>
                    <div t-attf-class="col p-2 #{commission.commission_type == 'Credit' ? 'text-success' : (commission.commission_type == 'Debit' ? 'text-danger' : '')}">
                        <t t-esc="commission.commission_type == 'Credit' ? '+' : (commission.commission_type == 'Debit' ? '−' : '')" />$ <t t-esc="commission.commission_amount"/>
                    </div>
                    <div class="col p-2"><t t-esc="commission.commission_type" /></div>
                </div>
            </t>


            <!-- Footer Row: Total Commission -->
<!--            <div class="footer-row d-flex fw-bold bg-light border-top">-->
<!--                <div class="col wide p-2"></div>-->
<!--                <div class="col wide p-2"></div>-->
<!--                <div class="col wide p-2"></div>-->
<!--                <div class="col p-2"></div>-->
<!--                <div class="col wide p-2"></div>-->
<!--                <div class="col p-2 text-success text-center fw-bold">-->
<!--                    <strong>$ <t t-esc="tablefooterCommissionAmount.toFixed(2)"/></strong>-->
<!--                </div>-->
<!--                <div class="col wide p-2"></div>-->
<!--            </div>-->


        </div>
    </t>
</templates>