<?xml version="1.0" encoding="utf-8" ?>
<!-- # Author      : Weblytic Labs Pvt. Ltd. (<https://store.weblyticlabs.com/>) -->
<!-- # Copyright(c): 2023-Present Weblytic Labs Pvt. Ltd. -->
<templates id="wbl_employee_commission.CommissionPayout" xml:space="preserve">
    <t t-name="wbl_employee_commission.CommissionPayout">
        <Dialog title.translate="Payout Commission">

            <div class="mb-3 row">
                <label for="cashableAmount" class="col-sm-4 col-form-label fw-bold">Cashable Amount</label>
                <div class="col-sm-8">
                    <h3 class="form-control border-0 border-bottom rounded-0 shadow-none"><t t-esc="pos.commissionState.totalCommission"/></h3>
                </div>
            </div>

            <div class="mb-3 row">
                <label for="requestedAmount" class="col-sm-4 col-form-label fw-bold">Requested Payment Amount</label>
                <div class="col-sm-8">
                    <input type="text" class="form-control border-0 border-bottom rounded-0 shadow-none"
                           id="requestedAmount" t-model="form.req_amount"/>
                </div>
            </div>

            <div class="mb-3 row">
                <label for="paymentDesc" class="col-sm-4 col-form-label fw-bold">Payment Description</label>
                <div class="col-sm-8">
                    <input type="text" class="form-control border-0 border-bottom rounded-0 shadow-none"
                           t-model="form.payment_description" id="paymentDesc" placeholder="Payment Description..."/>
                </div>
            </div>

            <t t-set-slot="footer">
                <button class="btn btn-primary btn-lg me-2" t-on-click="createNewPayout">Payment Request</button>
                <button class="btn btn-primary btn-lg me-2" t-on-click="props.close">Cancel</button>
            </t>
        </Dialog>
    </t>

</templates>